{ "frames": [
   {
    "filename": "Sprite-0002 #Pressing 0.aseprite",
    "frame": { "x": 0, "y": 0, "w": 96, "h": 64 },
    "rotated": false,
    "trimmed": false,
    "spriteSourceSize": { "x": 0, "y": 0, "w": 96, "h": 64 },
    "sourceSize": { "w": 96, "h": 64 },
    "duration": 300
   },
   {
    "filename": "Sprite-0002 #Pressing 1.aseprite",
    "frame": { "x": 96, "y": 0, "w": 96, "h": 64 },
    "rotated": false,
    "trimmed": false,
    "spriteSourceSize": { "x": 0, "y": 0, "w": 96, "h": 64 },
    "sourceSize": { "w": 96, "h": 64 },
    "duration": 300
   },
   {
    "filename": "Sprite-0002 #Pressing 2.aseprite",
    "frame": { "x": 192, "y": 0, "w": 96, "h": 64 },
    "rotated": false,
    "trimmed": false,
    "spriteSourceSize": { "x": 0, "y": 0, "w": 96, "h": 64 },
    "sourceSize": { "w": 96, "h": 64 },
    "duration": 300
   }
 ],
 "meta": {
  "app": "https://www.aseprite.org/",
  "version": "1.3.7-x64",
  "image": "Sprite-0002-Pressing.png",
  "format": "RGBA8888",
  "size": { "w": 288, "h": 64 },
  "scale": "1"
 }
}
